{
	"name": "Game",
	"version": "1.0.0.0",
	"description": "",
	"id": "",
	"unique-id": "lkc6evlfgvr",
	"viewport-width": 854,
	"viewport-height": 480,
	"author": "",
	"email": "",
	"website": "",
	"orientations": "landscape",
	"c2version": "244",
	"c3version": "r432.3",
	"ife": true,
	"used-plugins": [
		"TiledBg",
		"Mouse",
		"Keyboard",
		"Sprite",
		"Text",
		"TextBox",
		"Button",
		"AJAX"
	],
	"used-behaviors": [
		"EightDir",
		"scrollto",
		"bound",
		"Bullet",
		"destroy",
		"Fade"
	]
}